,fixedvsgear
0,Oleg Oleg
1,Sergey En
2,–î–∞–Ω–∏—ç–ª—å
3,–ù–∏–∫–∏—Ç–∞ –í–æ–∑–Ω—é–∫
4,Oleg Dyakonov
5,–°—Ç–µ–ø–∞–Ω
6,Nikolya
7,vhs
8,—á–µ—á–µ–Ω–∏–Ω
9,Ivan Tarasenko
10,Kolya Ostr
11,KRLL R
12,—ç—Ä–∏–∫ –≥–∞–ª–∏–º–æ–≤
13,Fanta
14,d
15,Yuri Yuri
16,F√™d√∂r
17,–î–æ–º–∞—Ö–∞ –í–µ—Ç—Ä–æ–≤
18,–í–∞–¥–∏–º
19,Viktor Mblk
20,Fresko vyshe chem ty dumal
21,–üŒ±–≤ŒµŒª
22,–û–ª–µ–≥ –†—ã–±–∞–∫–∏–Ω
23,–í—Å–µ–≤–æ–ª–æ–¥ –û—Å—Ç–∞–Ω–∏–Ω
24,Ilya Sayhellotomy ü´ß
25,Alexander Zhrv
26,Sage Sage
27,Nikita Leonov
28,–î–∞–Ω—è –ì—É–±–µ–ª–∞–¥–∑–µ
29,99–°–ø—Ä–∞–π—Ç
30,Playstation Russia
31,–†–æ–∏–Ω
32,Apreot
33,Kirill Khaustov
34,Yuli
35,karazih.fxdü™ê
36,–ú–∏—Ö–∞–∏–ª –û–∑–µ—Ä–Ω–æ–π
37,—Å–ø–∞–π—Å–æ–≤—ã–π –ø–µ—Å
38,–µ–≥–æ—Ä
39,–í–ª–∞–¥
40,Method Man
41,Uran
42,–õ—ë—à–∞
43,–î
44,–õ–µ—à–∞
45,Karabas
46,‚ùÖ‚ùÖ‚ùÖ‚ùÖ‚ùÖ‚ÅÇ‚ÅÇ‚ÅÇ KARAMELKA
47,Dmitrii_Smirnov
48,texno kobra
49,DimAss
50,BigBoy
51,Dmitriy Mikheev
52,–ì–æ—Ä–µ–º—ã–∫4
53,–¢–∏—à–∏–Ω–∞(–í–∞–¥–∏–º)
54,Paul K
55,Raul'
56,Feellin
57,Walde Waldo
58,–î–∞–Ω–∏–ª–∞ –®–∫–µ—Ä–¥–∏–Ω
59,Eugene Eskov
60,–ü–∞—à–∞ –†—É—Å—Å–∫–∏—Ö
61,Vladimir
62,Dilan
63,–ö—Ä–∏—Å—Ç–∏–∞–Ω
64,Ivan Smirnov
65,üáÆüá±Boris(–ö–û–¢–û–†–´–ô –í–ê–î–ò–ú)üáÆüá± Lefryt
66,Xzbtx
67,DimaLee
68,Filipp
69,ivan terkin
70,Krasava
71,Chirill Sinikov
72,Robinson Bastard
73,Stas Stas
74,Leonid
75,NK
76,Block66
77,Zimno Vitaliy
78,Tsvetm Shauch
79,. JVCR
80,—Ç–∏–º—É—Ä
81,–±–∏–ª—å–±–æ
82,üá¨üá™
83,rxs1x
84,Dante7b
85,42 Adelson
86,Nevermind
87,Petr Petr
88,–§–µ–¥—è
89,Sergei
90,Vlad Vlad
91,Golovach Lena
92,–ê–ª–∏—è—Ä
93,üè¥‚Äç‚ò†Ô∏è
94,KarlMarxHeinrich
95,Ortmem
96,Sean Olson
97,Ya@ Sasha
98,„Ç∞„Éº„É´
99,andrey gv å–ºo—Çey
100,–ú–∏—à–∞
101,–ë–µ–∫—Å—É–ª—Ç–∞–Ω –î–∂–∏–µ–Ω–±–µ–∫–æ–≤
102,Andrey S
103,–í–ª–∞–¥–∏—Å–ª–∞–≤ –ú–æ—Ö–Ω—ã—á
104,–ê—Å–µ–ª—å –ö–∞–ª–µ–Ω–æ–≤–∞
105,Alex Pandi
106,◊î◊ñ◊ô◊ü
107,kse
108,M
109,–°—ë–º–∞ –°–ª–µ—Å–∞—Ä—å
110,Vladik Khramtsov
111,FIXED GEAR
112,·Éê·Éö·Éî·É•·É°·Éò·Éê ü•∑ ·É§·Éò·É®·Éî·É†·Éò
113,–≤–∏–∫—É–ª—è
114,Sem–∞_ M.S.
115,Andrey :(
116,Alex E
117,mosu
118,–ù–∞–∑–∞—Ä –°–∫–æ—Ä–æ—Å—Ç—å
119,–ö–∞–Ω–∞–¥–µ—Ü üá®üá¶
120,–∞–ª–µ–∫—Å–∞–Ω–¥—Ä
121,–õ–µ–≤
122,Aizarbek Aibekov
123,Spb_Alexandr
124,hippaz
125,Red Fox
126,Nikita Volzhanin
127,–ê–ª–µ–∫—Å–∞–Ω–¥—Ä –ó–∞–π—Ü–µ–≤
128,Aleksandr
129,!
130,Leonid Rusov
131,–§–µ—Ä—É–∑–±–µ–∫ !
132,ShuNqor
133,–±–∞—à–º–∞—à–∞–π
134,Roman Polan
135,Danila
136,Angelina
137,Gleb
138,Nursultan
139,SALOMON
140,id1034
141,klengreekmob
142,Vsevolod Panarin
143,–°–µ—Ä–≥–µ–π –ß–µ—Ä–≤–æ—Ç–∫–∏–Ω
144,–ï–≥–æ—Ä –ü–µ—Ç—Ä–æ–≤ üê£
145,–í–∞–¥–∏–º –°–∫–∏–¥–ø–∞—Ç—á–µ–≤
146,LegioIX
147,s i n o n
148,Maksim
149,Miaou
150,Eugene
151,–ì—Ä–∏–≥–æ—Ä–∏–π –ë–∞—Ä–∞–Ω–æ–≤
152,Gennady
153,mary
154,shtolc
155,Alexander Mak
156,djdjfks
157,–°–≤–µ—Ç–∞ –í–∞–≤—Ä–∏–Ω–∞
158,Goo Goo
159,üçûBulkAMaslAüßà
160,–°–µ—Ä–≥–µ–π –ê—Ä—Ç–µ–º–æ–≤
161,–ï–º–µ–ª—å–∫–∞ –ü—É–≥–∞—á–µ–≤
162,–êlexandrrrrr
163,Sergey Batalev
164,skr0nik
165,Janbulat
166,Q–ô
167,–ö–æ—Ä–Ω–µ–π –ö–∞—Ä–∞—Å–∏–∫—ä
168,zerg00d
169,Fidanza.me
170,–∫–æ—Ä–Ω–µ–∏—á
171,–ì–µ–Ω–∞ –ø—Ä–æ–¥–∞–≤–µ—Ü –æ–±—É–≤–∏
172,Matvey Ololenko
173,Azher
174,Mihail Gensler
175,kkorostelew
176,–û–∫—Å–∞–Ω–∞
177,–ú–∏—Ö–∞–∏–ª –°–µ–¥–æ–≤
178,Ivan Shilov
179,Bah
180,decww
181,AlAnJapan
182,–ü–µ—Ç—Ä
183,Nikita Turobov
184,Espresso vice Petersburg
185,–ú–∏–ª–æ—Å
186,Username
187,Natalia Chekmeneva
188,Sa1DBeK
189,–ú–∞–∫—Å–∏–º –ê–∫–∫—É—Ä–∞—Ç–æ–≤
190,Ugh
191,–ú–∞–ª—å–≤–∏–Ω–∞
192,–°–µ—Ä–≥–µ–π –î–∏—è–∑–æ–≤
193,„Ö§
194,üö≤üßü‚Äç‚ôÇÔ∏è4@ku üí®
195,–õ—ë–Ω—è –°–º–∏—Ä–Ω–æ–≤
196,Roman Pankratov
197,–ü–∞–≤–µ–ª –®–∞–¥—É—Ä–∞
198,{
199,·Ö†
200,Svyatislove
201,–ê–Ω–¥—Ä–µ–π –¢—Ä–æ—à–µ–≤
202,–ù–∏–∫–æ–ª–∞–π –ë–æ—Ä–∏—Å–æ–≤
203,–ê–Ω–∞—Ç–æ–ª–∏–π –ú–∏—Ä–æ–Ω–æ–≤ ¬Ø\_(„ÉÑ)_/¬Ø
204,S.G Forward
205,üßå
206,–õ—é–±–∏—Ç–µ–ª—å –Ω–µ–æ–Ω–∫–∏
207,Alena
208,VlasS
209,–ê–Ω—Ç–æ–Ω –î—Ä–∞—á–µ–≤
210,Dii
211,Denis Iakimenkov
212,–ü–∞–∂–∏–ª–æ–π –®–æ—Å—Å–µ—Ä
213,nkamlya
214,–í–∏—Ç–∞–ª–∏–π –ì–æ—Ä–µ–ª–æ–≤
215,PipiSun4ik
216,Anton Strakhov
217,KKarpychev
218,–ü–∞—à–∞
219,konstantin
220,Sagiri Izumi
221,M L
222,–ú–æ–∏ –°–µ—Ä–∏–∞–ª—ã
223,–ú–∞—Ä–∏–Ω–∞ –°–º–∏—Ä–Ω–æ–≤–∞
224,pako
225,–ò–ª—å—è –°—É—Ä–æ–≤–µ–∂–∫–∏–Ω
226,Stanislav Myachin
227,–ü–∏–∫–∏—á‚úåÔ∏è
228,"Danila, Kak tebya zovut?;]"
229,Kirill Grigoriev
230,–ê—ã–∞—ã–ø—ã
231,–ê–ª–µ–∫—Å–∞–Ω–¥—Ä
232,–°–µ—Ä–≥–µ–π –í–∞–π–≥–∞—á–µ–≤
233,–ê–ª–µ–∫—Å–µ–π
234,–ú–µ–¥–≤–µ–¥—å
235,—á—ë–º–∞ —Ç–ª–µ–Ω
236,ruslan salin
237,AVIATOR
238,–¢–∞—Ä–∞—Å
239,¬ø¬ø¬ø
240,stas
241,–ò–ª—å—è –í–ª–∞–¥–∏–º–∏—Ä–æ–≤–∏—á
242,Sasha
243,Hvatit
244,spb runner
245,PPO 188
246,—Å–≤–µ—Ç üë∫
247,–í–ª–∞–¥–∏—Å–ª–∞–≤
248,–î–∂–æ–≤–∞–Ω–∏ –î–∂–æ—Ä–¥–∂–æ
249,Nikita Samsonow
250,Mikhail Tvauri
251,@abz1k
252,I
253,CHERNAYA KEPKA
254,–ù–∏–∫–æ–ª–∞
255,–ù–∏–∫–æ–ª–∞–π
256,turbo arturbo
257,Erised Lanrete
258,V–∞dim
259,–ú–∞–ª–µ–Ω—å–∫–∞—è –†—ã–±–∞
260,Mikhail Lipovsky
261,–¢—Ä–µ–∑–≤–æ–µ SS–æ–ª–Ω—Ü–µ
262,George
263,Anatoly
264,–ê–Ω–¥—Ä–µ–π –ì–æ—Ä–±—É–ª–µ–Ω–∫–æ
265,_jig _th
266,KOSMOSOV
267,1tone
268,uniq
269,–î–º–∏—Ç—Ä–∏–π –í–µ—Ç–æ—à–∫–∏–Ω
270,
271,–ê–ª–µ–∫—Å–µ–π –§–µ–¥—è–µ–≤
272,kagameen
273,–ö–æ—Å—Ç—è –í–æ—Ä–æ–±—å–µ–≤
274,Pavlik Alekseev
275,–õ–µ–æ–Ω–∏–¥ –ë–æ–ª—å
276,new day new round
277,Egor Frank
278,Pichad
279,–ó–µ–Ω—è
280,–ò—Å–ª–∞–º –ë–∞–≥–∞–Ω–¥–∞–ª–∏–µ–≤
281,Mishanya
282,143l_m
283,mathpunk (–ú–∞—Ä—Ç–∏–Ω)
284,StarsGold
285,Velodoroshka
286,Gibonez
287,Vadim Meadow'–µ–¥
288,–°—Ç–∞—Å—è–Ω
289,Arclejon
290,SUPER STOLYAR
291,psychedelic.dog
292,–õ–µ—Ä–∞
293,Guseyn.
294,Zest
295,Polina Shtabkina
296,Infiroddi
297,.)
298,Keldibek
299,Cactusüåµ
300,Mamoritai
301,Anatoliy
302,Twake
303,Slava Abramov
304,–°–æ–≤–∞
305,–ò–ª—å–¥–∞—Ä –î–∞–≤–ª–µ—Ç–æ–≤
306,–ù–µ–∏–∑–≤–µ—Å—Ç–Ω—ã–π –∏—Å–ø–æ–ª–Ω–∏—Ç–µ–ª—å
307,–ö–∏—Ä–∏–ª–ª –ú–µ—Ä–Ω–∏–∫
308,–ï–≤–≥–µ–Ω–∏–π
309,&/!u!/7jjjjj
310,l|I Exiled from Sanity I|l
311,dins13
312,Yeah Gore
313,Alexander Volta
314,88005553535
315,senya senya
316,Tommy Hetcher
317,URBAN CYCLING CLUB
318,–í–∏—Ç–∞–ª–∏–π –°–º–∏—Ä–Ω–æ–≤
319,Daniil Skrylnikov
320,–¶—É–Ω–∞–º–∏ –¶–¶
321,Vngrdv
322,Johny V
323,Stick Itup
324,Timoteus
325,–µ–≥–æ—Ä–∫ —á—É–¥–∏–Ω
326,Sasha l.
327,—Ü–∏—É–∫—Ñ
328,–ñ–µ–Ω—è
329,Daniel Harp
330,–î–µ–Ω–∏—Å
331,Weaver
332,Egor Radko
333,Zenkin Zenkin
334,Onlybombingletters
335,–ö—Ä–∏–Ω–∂ –¶–¶
336,?
337,Igor ‚òÆ
338,–ú–∞–∫—Å
339,Alexander S.
340,amstelart
341,Ruslan Askarov
342,tosha one
343,sou
344,–°–µ–ª–ª–µ –°–∞–Ω –°–∞–Ω—ã—á
345,ÍßÅsashaÍßÇ
346,‘±’¢÷Ä’°’∞’°’¥
347,skopec ñ¶π
348,ÔæëÂàÄ„Ç∫Ôæë
349,Archee Adv
350,–ò–ª–≥–∏–Ω–æ—Ç
351,–ò–≥–Ω–∞—Ç
352,–£–º–∞—Ä
353,Kira
354,Fite
355,Konstantin
356,PK“â
357,‚õßùï≤ùñäùñçùñäùñìùñìùñÜùñí ùñéùñåùñìùñéùñò‚õß
358,Kirill Andrianov
359,Maczim
360,Guarneri Dmitrii
361,Misha Good
362,Yo Glazgo
363,Al Rudy
364,Ragim ZavvarüëΩ
365,–ñ–∞—à–æ–æ –±–∏—Ä - –ë—É—Ç–∫–∞ –∫–∏—Ä!
366,üé¨
367,4mat
368,Sato Base
369,Writerraet
370,misha
371,–°–æ—Ñ–∏—è –ê–¥–∞–º–æ–≤–Ω–∞
372,Nurlan Aktanov
373,Arsen Arsen
374,Lesa
375,—Ä–∂–∞–≤—ã–π
376,White
377,–≤–∏—Ç–∞–ª–∏–∫
378,Zhenya
379,–ê–ª–µ–∫—Å–µ–π –ö—É–∏–Ω–¥–∂–∏
380,Sergei Vershinin
381,Nick.D
382,Gleb B
383,—É—Ä–∞
384,presyncoope
385,Wowanuss Wowanuss
386,–°–µ—Ä–≥–µ–π –ì—Ä–∞–Ω–µ–Ω–∫–æ
387,Anton Goodwin
388,–ú–µ—Ä–µ–π
389,Ivan Gunnüá∑üá∫
390,os—è mana**sihin
391,–û–ª–µ–≥ –ú–∞–∑–∞–∫–∏–Ω
392,kafelio
393,–º–∏—Ö–∞–∏–ª –∫–∞–ø–∞—Ç—ã—á
394,neonuarchik
395,üéÄ ‚ô°
396,Evgeniy
397,Jay Jo
398,Dmitriy
399,Donald Duck
400,–û–ª–µ–≥ –°—É—Ö–∞—Ä–µ–≤
401,Ibra
402,Stepforjazz
403,–ì–ª–µ–±–∞ –¢—É—á–∫–∏–Ω
404,M V
405,–ê–ª–µ–∫—Å–∞–Ω–¥—Ä √∂
406,–ì–µ–Ω—Ä–∏ –ß–∏–Ω–∞—Å–∫–∏
407,X1000
408,–ò–º—è –§–∞–º–∏–ª–∏—è (–Ω–µ–æ–±—è–∑–∞—Ç–µ–ª—å–Ω–æ)
409,Alex 666666
410,","
411,Alexandr Gabcik
412,xd
413,potroh aaaaaaaaaaaa
414,Dimon üå∂
415,Pavel Smirnov
416,Amigo
417,–†—É—Å–ª–∞–Ω
418,Vasily Kotov
419,marat marat
420,Alexey Kilikovsky
421,Wicca
422,‚ö°Ô∏è
423,–ê–Ω—Ç–æ–Ω –î–µ–º–∏–¥–æ–≤
424,Aleksey Kurshin
425,Daniil Burlo
426,–ï–≥–æ—Ä –ö–∞–º–∞–∫–∏–Ω
427,–¢—ë–º–∏–∫
428,Dazdraperm Panteleymonsky
429,Nick Khrunov
430,–ë–∏–≤–∏–∑
431,KrL_
432,ü™≥–ú–∞—Ä–∫ ü™∞
433,demon
434,–ê–ª–µ–∫—Å–µ–π –°
435,–ò–≥–æ—Ä—å –î—è—Ç—á–µ–Ω–∫–æ
436,—Å—Ç–æ–ø–∫–∞
437,–ò–≤–∞–Ω –®–∞–º–æ–≤
438,–î–∞–Ω–∏–∏–ª –í–∞–ª–µ—Ä—å–µ–≤–∏—á –†–æ–¥–∏–æ–Ω–æ–≤
439,Yerzhan
440,–ü–æ–ª–∏–Ω–∞ –ú–∏—Ä–∞–±–æ
441,–î–º–∏—Ç—Ä–∏–π
442,–ñ—ã–ª–∫–∞–π–¥–∞—Ä –ò–ª–∏—è—Å
443,–ë—É
444,Evgeniy Kudashev
445,yowaimo
446,Alexander Best
447,Ruslan
448,Daniel Lance
449,D3N
450,Andrey Vorobey
451,Tolyavo
452,–≥—Ä–∞–∂–¥–∞–Ω—Å–∫–∏–π
453,–ê–ª–µ–∫—Å–∞–Ω–¥—Ä –í–∞—Å–∏–ª–µ–Ω–∫–æ
454,H5094
455,Anya Koltsova
456,–ú–∞–∫—Å–∏–º –ü–ª–µ—à–∏–≤—ã—Ö
457,"hahaha, role model"
458,Nikita Nikitin
459,–ù–æ–≥–∞ —Å–æ–±–∞–∫–∏
460,–≠–ª—å–≤–∏—Ä–∞
461,E N
462,KOTIK
463,üßø
464,wd40
465,–ø—É–ø–æ–∫
466,Nikita Zlobin
467,–î–∞–Ω–∏–∏–ª –®–∏—à–∫–∏–Ω
468,Gleb Noobusdeer
469,–ê–ª–µ–∫—Å–∞–Ω–¥—Ä –°–∏–º–æ–Ω—á–µ–Ω–∫–æ
470,pink punk
471,Makar xvx
472,SANCHO
473,–≠–º–∏–ª—å
474,–ê–Ω—Ç–æ–Ω –ö–∏—Å–µ–ª–µ–≤
475,Mikhail Mamontov
476,Reella
477,Alexandr Mokshanov
478,Maxim Stoyanovsky
479,alex kov
480,W≈Çodzimierz Brzƒôczyszczykiewicz
481,–ú–∏—Ö–∞–∏–ª –ö–æ–ø—å–µ–≤
482,InTheBoxManager
483,...
484,–°–æ—Ñ–∞
485,Dmitry F
486,Nick Derb
487,Splynadengah
488,Q
489,—Å–µ—Ä –∞—Ö—É–µ–Ω—ã–π
490,Dmitriy Porolonov
491,–û–ª—å–≥–∞
492,Jumanji
493,–º—É—á–µ–Ω–∏–∫ —Å –º–µ—á–æ–º –∏ look–æ–º
494,Vardan Strong
495,D
496,Roma Soida
497,Speru
498,Aeraw
499,Vadim Slavkin
500,Perfo Raptor
501,–ï–≤–≥–µ–Ω–∏–π –ë–µ–∑—Ä—É–∫–æ–≤
502,courage
503,Chilo
504,–¶–∏—Å–∫–æ –î–∞–ª–ª–∏
505,Sergey Goffer
506,Eren
507,onton
508,Pavel Khusu
509,Ruslan ü§çüíôü§ç
510,–ü–æ–ª—é—Ü–∏—è_–ù—Ä–∞–≤–æ–≤
511,Carol Maria
512,Alexey Skornyakov
513,–û–ª—ë—à–∏–∫
514,–ù–∏–∫–∏—Ç–∞ –ù–∞—Ç–∞–ª–∏—á–µ–≤
515,–ê—Ä—Ç–µ–º –ê—Ä—Ç–µ–º
516,„Ç∑„ÇØ„Çπ„Éà Ëä±
517,üêà‚Äç‚¨õ
518,Sergey Ivanis
519,Strips
520,whatislove
521,knaray
522,–ö–∏—Ä—ã—á
523,üá©üá™
524,–ï—Ä–∂–∞–Ω –ï—Ä–∂–∞–Ω–æ–≤
525,Andrew
526,Nik Perepelov
527,Andrey Shayda
528,Senya Lutiy
529,–î–∞–Ω—è
530,Anna Izergina
531,–ì–∞–ª–∏–Ω–∞ –î–∂–∏
532,Serj
533,–∫–∞—Ç—è –∫–∞—Ç–µ—Ä–∏–Ω–∞
534,Semenov Yura
535,–†–∏—à–∞—Ç –ú–∞—Ä–∞—Ç–æ–≤–∏—á
536,–ß–µ–ª —É –∫–æ—Ç–æ—Ä–æ–≥–æ –¥—Ä—É–≥ –∑–∞–Ω–∏–º–∞–µ—Ç—Å—è –ø–ª–∞–Ω–µ—Ç–∞—Ä–∫–∞–º–∏
537,–ë–∞—Ä—ã–≥–∞
538,Dmitrii O
539,–í–∏–∫—Ç–æ—Ä Qatrow
540,Mark_Volkov
541,–ê–ª–µ–∫—Å–∞–Ω–¥—Ä –ò–≥–Ω–∞—Ç–∫–∏–Ω
542,Dmitry Dominges
543,Planet X ü••ü§é
544,Ivan
545,–ú–∞—Ä–∫
546,Egor Kuznetsov
547,Vitya Matveevich
548,HellWaitingForMe
549,—Å–∫–∞—Ä—Ñ–µ–π—Å
550,Dim–∞
551,Ekaterina Khrushcheva
552,–ï–≥–æ—Ä –î—Ä—è–≥–∏–Ω
553,–°–µ—Ä–µ–≥–∞.
554,–ö–∏—Ä –Æ—à–∞
555,wawawwawwa
556,Dmitry K.
557,felon
558,mamin paren
559,üî•–ê–Ω–¥—Ä–µ–π
560,Danon
561,darxi
562,Brandon
563,Sined Sined
564,–ò–ª–∞–π –ê—Ä–∫–æ
565,.bo
566,Rat Fink
567,–ê–ª–µ–∫—Å–∞–Ω–¥—Ä–∞
568,–ê—Ä—Ç–µ–º
569,redskittles
570,–ê–ª–µ–∫—Å–∞–Ω–¥—Ä –£—Ä–±–∞–Ω
571,·†å ·†å
572,MAUNTER
573,–í–ª–∞–¥–∏–º–∏—Ä
574,Office Pablo
575,–≥—Ä–µ—á–µ—Å–∫–∏–π —Å–∞–ª–∞—Ç
576,Anton BentFrame
577,Ivan Saifutdinov
578,–ì–æ—à–∞
579,Get a Life
580,Astro Naut
581,Vasily Kondakov
582,–ú–æ–ª–æ–¥–æ–π –ß–µ–ª–æ–≤–µ–∫
583,–±—É–π–±–∞–æ
584,–ø—Ä—Ç–µ–º–∫–∞
585,Saturn
586,kiyaazi
587,Andrew Sherstnev
588,–ì–µ–Ω–Ω–∞–¥–∏–π –ö—Ä–æ–∫–æ–¥–∏–ª–æ–≤
589,–í–∞—Å–∏–ª–∏–π
590,prosto Anich
591,–í–ª–æ–¥
592,–ú–∞–∫—Å–∏–º –ù–∏—à—Ç—è–∫–æ–≤
593,V
594,slacky!
595,Saparbekov Nursultan
596,stanislav lomakin
597,Kazbek
598,üëÄüåø
599,–ü–æ—à–∞
600,–í–ª–∞–¥–∏—Å–ª–∞–≤ –ú–∞—Ç–≤–µ–µ–≤
601,Lexa_baz
602,Roman Fedorov
603,–í–ª–∞–¥–∏—Å–ª–∞–≤ –ö—É–∑–Ω–µ—Ü–æ–≤
604,Qwll
605,tentoumoshi
606,–°–∞—à–∞ –ö–æ—Å–º–æ–Ω–∞–≤—Ç
607,m.o.n.o.t.o.n
608,Jahongir Mirzamurodov
609,Michael Evstafev
610,Egor Grigorev
611,Dmitry Plastkov
612,6epe3a
613,–ü–∞–≤–µ–ª –§–∏–ª–∞—Ç–æ–≤
614,Legion(—Ç–æ–∂–µ –í–∞–¥–∏–º)
615,Cheslaw
616,ROCX TOUR
617,Skaganak
618,Alex
619,–°–µ–º—ë–Ω –°–µ–Ω–∞—Ç–æ—Ä–æ–≤
620,Andrey Leran
621,Tjms Erba
622,Lu
623,Semyon
624,–ü–æ–¥–∫–æ–≤–∞
625,lupical
626,Ujeen
627,Roman Gromche
628,–™
629,Fedor
630,–î–∞–Ω–∏–∏–ª –°—Ç–µ–ø–∞–Ω–æ–≤
631,deAnone
632,–®—É—Ä–∞ –ú—É—Ö–æ–º–æ—Ä–æ–≤–Ω–∞
633,Fonis89
634,Cap n' cook
635,–ê–ª–µ–∫—Å–∞–Ω–¥—Ä –°–µ—Ä–≥–µ–µ–≤–∏—á
636,Alexanderüá©üá∞
637,–ñ–µ–º—á—É–∂–∏–Ω–∫–∞ü§çü§çü§ç
638,Kazzfer
639,First Last
640,Qwir
641,Vin
642,Alex Bad
643,Dwnshftr
644,Roman .
645,Ol Al
646,Rr Xx
647,Soul
648,–ö–∏—Ä–∏–ª–ª theumelec.ru
649,–Æ—Ä–∞
650,–ò–ª–ª–∞—Ä–∏–æ–Ω
651,Artem Teregulov
652,–î–º–∏—Ç—Ä–∏–π –í–µ—Ä—Ö–æ–≤–∏–Ω—Å–∫–∏–π
653,–°—Ç–∞–Ω–∏—Å–ª–∞–≤
654,Veehckara
655,–ë—Ä—É—Ü–∫–∏–π –ü–µ—Ç—Ä
656,–¢–æ—Ç –°–∞–º—ã–π
657,Danila Ryshkel
658,–ù–∏–∫–æ–ª–∞–π –†—É–¥–µ–Ω–∫–æ
659,Reay4me
660,–ú–∞–∫—Å–∏–º
661,—Ç–æ—Ç —Å–∞–º—ã–π –±—ã—Å—Ç—Ä—ã–π
662,–ê–Ω—Ç–æ–Ω –°–µ–º–µ–Ω–æ–≤
663,Grogu
664,ulug_mars üìÅ
665,–í–ª–∞–¥–∏—Å–ª–∞–≤ –ü–æ–∂–æ–≥–∏–Ω
666,Felibulka
667,–ê–ª–µ–∫—Å–µ–π Spb
668,Evilsiabar
669,–î–∞–Ω–∏–∏–ª ü™ê
670,Bulat Shams
671,Kirill Velobatya
672,–ö–æ–Ω—Å—Ç–∞–Ω—Ç–∏–Ω
673,argo kogu
674,/https:—Ö–∞–∫–∞—Ä—è—à–∫–∞.com
675,–°–µ—Ä–µ–≥–µ–π –ö—É—á—É–º–æ–≤
676,–î–∞—Ü
677,Art Podoliako
678,–ò–ª—å—è –ü—É–∑—è–∫–∏–Ω
679,Robert Banks
680,ü•±
681,–î—è–¥—è –õ–µ—à–∞
682,–¢–∞–∫—Ç–∏—á–µ—Å–∫–∏–π –ë–æ—Ç–∏–Ω–æ–∫
683,OGEID
684,Ars
685,–î–º–∏—Ç—Ä–∏–π –õ–µ–≥–æ—Å—Ç–∞–µ–≤
686,–°–µ–º—ë–Ω –°–µ–º—ë–Ω–æ–≤–∏—á –ì–æ—Ä–±—É–Ω–∫–æ–≤
687,Dmitrii
688,–°–∏–º–ø–ª –î–∏–º–ø–ª
689,Evgeny
690,–†–æ–º—ç–Ω
691,üëæ
692,Anton
693,Nikitoser
694,JEE3 OG
695,KG BT+
696,R. O.
697,sckrag
698,Ray Sky
699,Wi≈õniewski
700,PABLO ESCOBARO
701,kitsunegari
702,–î–ï–ü–£–¢–ê–¢ –ë–ê–õ–¢–ò–ö–ò
703,Anatoly Kuznetsov
704,–∑–∞–≤—à–∏—Ä—à–∫–∏
705,Dmitry Dmitryev
706,–ê–Ω—Ç–æ–Ω –ü–æ—Ç–∫–∏–Ω
707,–ê—Ä—Ç–µ–º –ü—Ä–æ–∫–æ—Ñ—å–µ–≤
708,–ù–∏–∫–∏—Ç–∞
709,–í–∞–Ω—è
710,–ê–ª–µ–∫—Å –ö–∏—Ä–µ–µ–≤
711,–ê–Ω–¥—Ä–µ–π –ê–∏—Å—Ç
712,–ò–ª—å—è üï∏Ô∏è
713,–ê–Ω—è
714,Nikita Voytov
715,Alexander
716,VelachBot
717,Rudcha
718,–ê–Ω—è –ú–∞–∫—Å–∏–º–æ–≤–Ω–∞ üê≠
719,–ê–ª–µ–∫—Å–∞–Ω–¥—Ä –õ–æ–∫–æ—Ç—å
720,Tu
721,Atomsk
722,Volodya Coco4ek
723,–°—Ç—Ä–æ—é —ç–ª–µ–∫—Ç—Ä–æ—Ñ–∏–∫—Å
724,Dmitry Perfokarto
725,LEXA777
726,Evgenii
727,–ê—Ä—Ç–µ–º –õ–∏—Å–æ–≤—Å–∫–∏–π
728,Mikhail Medvedev
729,AVK
730,ùó©ùóπùóÆùó± ùóôùó∂ùó∫ùóÆ
731,–ö–∞ –ú–∞
732,Evgen Efimov
733,_n17‚õìÔ∏è
734,–∞ –∑ –∞ —Ç üëäüëÄüöúüìßüêá
735,Y O
736,Egor
737,–ö–æ–Ω—Å—Ç–∞–Ω—Ç–∏–Ω –ü–∞—Ç–æ–∫–∏–Ω
738,–†—É—Å—Ç–∞–º
739,DEADICI
740,–∞–ª–ª–æ
741,–ª—ã—Å–∞—è –≥–Ω–∏–¥–∞
742,–ë—Ä–∞–π–∞–Ω –°–º–µ—à–Ω–æ–≤
743,Emanloe
744,–ß–æ—Å—Ç–∏—á
745,–ö—É—Ä–æ–Ω–±–æ–µ–≤–ê—Å–∞–¥–±–µ–∫
746,–ö–æ–Ω—Å—Ç–∞–Ω—Ç–∏–Ω –ó–æ–ª–∏–Ω
747,ers
748,‚ö™üîµüî¥–í–µ–ª–æ–†–∞–∑—Ä—è–¥üö¥
749,Sergkholm
750,–°–µ—Ä–≥–µ–π –°—Ç–µ–ø–∞–Ω–æ–≤
751,Vladyka
752,Yo
753,)
754,–ù–∏–∫–∏—Ç–∞ –Ø—Å–∞–∫–æ–≤
755,Alexander Uraganoff
756,–°—Ç–∞—Å –ù–∏
757,Herman Benz
758,–ù–∏–∫–∏—Ç–∞ –ì—Ä–æ–º–æ–≤
759,‚Ñ¢Mur
760,spsk spsk
761,Vyacheslav Swift
762,Ivan G
763,Mafin
764,By Zhuravlev
765,Kirill Lunegov
766,–ë–æ—Ä—â–µ–≤–∏–∫üá´üá∑
767,Sasha Chernika
768,Oleg Egorov
769,–í–ª–∞–¥–∏—Å–ª–∞–≤ –¢—é–ª–∏–∫–æ–≤
770,–î–∞–Ω—è .
771,–ê–ª–µ–∫—Å–∞–Ω–¥—Ä –ú–∞—Ä–∫–æ–≤
772,Sava
773,Windyseller
774,–ê–ª–µ–∫—Å–∞–Ω–¥—Ä –•–∞—Å–∫–∏–Ω
775,Min Chan
776,Artem Kolovetov
777,Aleksei Sinkevich
778,–î–º–∏—Ç—Ä–∏–π –î–∏–º–æ–≤
779,Vitaliy
780,–ö–∏—à–ú–∏—à
781,boxcarracer
782,Ilya
783,–ò–≤–∞–Ω –ò–≥–Ω–∞—Ç—å–µ–≤
784,–ú—ñ—Ö–∞–∏–ª—ä
785,Igor
786,Pri vet
787,Roman Alekseevich
788,philipp
789,–ù–∏–∫–∏—Ç–∞ –ö–∏—Å–∫–∞–¥—ë—Ä–∫–∏–Ω
790,–ï–≥–æ—Ä ü™ó
791,–ñ—ã–≤–µ –ë–µ–ª–∞—Ä—É—Å—å!
792,—è –µ–±–∞–ª —Å–≤–æ—é —Ç–µ–ª–∫—É
793,Esin p
794,6puket
795,Who? S—ë–º—ã—á—á—á
796,–ù–∏–∫–∏—Ç–∞ –ü–µ—Ç—Ä–æ–≤
797,–î–∏–º–æ–Ω 56
798,I K
799,Vitalii K.
800,–ê–Ω–¥—Ä–µ–π –ù. üî•
801,imclawman
802,M.Zh.
803,bass
804,Dmitry Volkov
805,–ö—Å–µ–Ω–∏—è –ú
806,–ï–≥–æ—Ä –ë—Ä—ã–∑–≥–∞–ª–æ–≤
807,Rom√°n
808,trener
809,Sergey Nikitenko
810,Mishgun
811,–ë–õ–Ø–ö
812,Alina Dmitrievna
813,AskeladdŒ∂
814,Egor Kater
815,Kars One
816,Sergey
817,I V
818,Ilya klklklkl
819,Stepan
820,Andrew Kuznecov üá∑üá∫
821,–†–∞–∑—Ä–µ–∑ –§–∞—Å–∞–¥–æ–≤
822,–§–∏–∑–∫—É–ª—å—Ç—É—Ä–Ω–∏–∫
823,—Ä–æ–º–∞
824,Kolya Kuznetsov
825,–ì–ª–µ–± –ê–≤–µ—Ä—å—è–Ω–æ–≤
826,sponecs
827,–¢—ã –±–æ–∏—à—å—Å—è —Å–µ—Å—Ç—å –∑–∞ —Å–ª–æ–≤–∞
828,Serbar
829,BenjaminLouisianaüá∫üá¶
830,Ilyas
831,Artem
832,Aleksei Mcritedere
833,dv
834,Wada Dexter
835,VITALIY
836,üèöÔ∏è
837,–ú–∏—Ç—è –ì–∞–±—Ä–∏–µ–ª–æ–≤
838,EF-11E
839,Ilia Ponomarev
840,–†–∞—Å–∏—Å—Ç
841,–î–∞–Ω–∏–∏–ª –ï—Ñ–∏–º–æ–≤
842,‚úñÔ∏èDanikSXE‚úñÔ∏è
843,–§–∞–∫–∞–±—É—à
844,foxset
845,–î–∏–º–∞
846,–û–ª–µ–≥ –ì—É—Ä–æ–≤
847,N
848,ŒëœÅœÑŒ≠ŒºŒπŒøœÇ
849,–ê–ª–µ–∫—Å–µ–π –í–µ—Ä—à–∏–Ω–∏–Ω
850,Alexey Pozharsky üö≥
851,555
852,Stepa 456
853,–í–∞—Å–∏–ª–∏–π –ö–ª–æ–ø –§–ì–ö
854,–ê–ª–µ–∫—Å–∞–Ω–¥—Ä –†–æ–º–∞–Ω–µ–Ω–∫–æ
855,Fuckshit
856,Eugene Glodev
857,Vladimir Saharov
858,NoX
859,–ö–∏—Ä–∏–ª–ª –†–∞–ø–æ–ø–æ—Ä—Ç
860,hotlinedpz
861,Vlad
862,–ú–∏—Ö–∞–∏–ª –ö–æ—Å—Ç–∞—Ä–µ–≤
863,–ê–ª–µ–∫—Å–µ–π –ê—Ä—Ö–∏–ø–æ–≤
864,Andy Markov
865,Alexey Besman
866,–Ø –≥–µ–π
867,–†–∞–º–∞–∑–∞–Ω
868,V V
869,–¢–µ–º–∞ –§–∞–ª–µ–Ω
870,Kunakboev Roman
871,–î–º–∏—Ç—Ä–∏–π –ù–∏–ª–æ–≥–æ–≤
872,–ê–Ω—Ç–æ–Ω –ï–Ω–∏
873,aeer
874,–¢–∏–º–∞
875,...Light...
876,FixerFixer333
877,–ö–æ—Ä–∏–∞–Ω–¥—Ä
878,–ù–∏–∫–æ–ª–∞–π –°—Ç–∞—Ä–∏–∫–æ–≤
879,–û–ª–µ–≥ –†–∂–∞–≤—ã–π
880,–ò–≤–∞–Ω –û—Å–æ–±–æ–≤–ú–∞—Ä–º–µ–ª–∞–¥–æ–≤
881,wandy impact
882,takumi
883,Egor Belov
884,proz proz
885,Otabek
886,Kir
887,NO CO2 Nano
888,–ë—É—Å–ª–∞–π
889,–¢–µ–º –¢–µ–º—ã—á
890,–ï–≥–æ—Ä
891,Anton Cherepenin
892,üçá
893,suzya666
894,Yrx
895,Ruslan Fedosenko
896,–î–∞–Ω–∏–ª
897,Joch
898,—Å—É–¥–µ
899,–†–µ–¥–∏–Ω –ê–ª–µ–∫—Å–µ–π
900,Nikolay D.
901,–ê–ª–µ–∫—Å–µ–π üêà‚Äç‚¨õ
902,–ª—é–±–ª—é —Ö–∞–≤–∞—Ç—å
903,Camerilove
904,Skryabin Dmitriy
905,Nikita Stakheev
906,—Å–≤–æ–µ–≥–æ –ø–µ—Ä–≤–æ–≥–æ —Å–∏–Ω–æ–±–∏ —è —É–±–∏–ª –≤ 12 –ª–µ—Ç
907,–•–µ Shu
908,YRRV
909,–°–≤–µ—Ç—è –ò–≤–∞—Ö–∞
910,Eka
911,–ú–∞—Ç–≤–µ–π
912,HellerWar
913,Ebalokakymamki
914,Tyler
915,–ú—Ü –ö—Ä–∞—Ö–º–∞–ª
916,–í–æ–≤–∞ –¢—É—Ä–±–∞
917,–†–∞–∑–î–≤–∞
918,Flowers Room
919,–ê–Ω–∞—Ç–æ–ª–∏–π
920,–ó–≤–µ—Ä–∏–Ω—Å–∫–∏–π –ê–Ω—Ç–æ–Ω
921,Robert
922,Danik
923,Marcus Aurelius
924,–ù–∏–∫–∏—Ç–∞ –õ–µ–æ–Ω–æ–≤
925,–∏–ª—é—à–∏–∫
926,Dimmi
927,Pagani Pugachev
928,Nikolay
929,Anthony
930,a
931,Alexander Matyushenko
932,Daniil Prohorov
933,Nikolay Korneshov
934,–ï–≤–≥–µ–Ω–∏–π –ö–∏—Ä–∏–ª–ª–æ–≤
935,DeadDuck
936,‚òÆÔ∏è –Æ–¥–∂–∏–Ω ‚òÆÔ∏è
937,–¢—ë–º–∞ –ì–ª—É–º–∏–∫
938,Andrey Ryzhkin
939,–ïnceladus
940,–ê—Ä—Ç—É—Ä 1330
941,–î–∞–Ω–∏—Å –ú–∞—Ö–º—É—Ç–æ–≤
942,–ê–ª—ë—à–∞ —ç–∫–∞–Ω–∞–ºi—Å—Ç
943,–∞—Ä—Ç–µ–º–∫–∞
944,Toaster
945,–õ–µ–æ–Ω–∏–¥ –ù–∏–∫–æ–ª–∞–∏—á
946,Roman Selischev
947,passenger
948,–ö–æ–∑—ã—Ä–∏–Ω –í–∏—Ç–∞–ª–∏–π
949,–ò–≥–æ—Ä—å
950,Vladislav
951,–û ÕÜÕõÃÜÃèÃ®–±ÃïÃºÃπÃù–∏ÃàÃΩÕ¶ÕåÃπÕñÕöÃπ–±ÕÜÕõÃëÃÄÕ´ÃèÃπÃ£Ã´Ãó–∏ÃâÕ¨Õ§ÕõÕ´Õë Ã¨ÕáÕô—ÄÕêÕÑÃéÕùÃ†Ã†ÃûÃÆÃ†ÃñÃ´–æÃæÕõÃêÃãÕêÕ¨ÃóÃù
952,Viktor R.V.V.
953,bonia_carcass
954,–°–∏—Å—Ç–µ–º–∞—Ç–∏–∑–∞—Ç–æ—Ä
955,–°–≤–æ–∏
956,Lady Mary
957,–•–∞–ø–∞-–ü–∞–ø–∞
958,Roman Mukhortov
959,Vimishlenii Personaj
960,–ê–ª–µ–∫—Å–∞–Ω–¥—Ä –ü–µ—Ç—Ä–æ—á–µ–Ω–∫–æ
961,Askar
962,suzeeeeek)))
963,–ê—Ä—Ç—ë–º –¢
964,–ê–Ω—Ç–æ–Ω –ê—Å—Ç–∞–ø–µ–Ω–∫–æ
965,Tantoid
966,xo xo
967,Losdeniskos
968,dim
969,–ï–∫–∞—Ç–µ—Ä–∏–Ω–∞
970,–ï–≤–≥–µ–Ω–∏—è –ö–æ–Ω–æ–≤–∞–ª–æ–≤–∞
971,THEFERONE
972,Kusha
973,hakaristi kraut
974,–ª—ë–≤–∞
975,–ê–π–¥–∞—Ä
976,–ü–∞–≤–µ–ª –ü–µ—Ç—Ä–æ–≤
977,www.cp
978,K
979,–ì–æ—à–∞ –ö–æ–ø—ã—á
980,–ò–≥–æ—Ä—å –°—Ç—Ä–µ–ª–∫–æ–≤
981,f1b0n4cc1
982,Alexander Kokani
983,Daniil Shapovalov
984,–ë–µ–∫–∞ íâ≠
985,–ê–ª–µ–∫—Å–µ–π üîµ
986,Strange Cat (–∏–ª–∏ –ø–æ-—Ä—É—Å—Å–∫–∏ –°–ö–æ—à–∫–∞)
987,Alexey Ned
988,–∞–ª–µ–∫—Å–µ–π
989,Alisa
990,damn sun
991,‚Ä¢ÃÄ·¥ó-ÃÉ
992,Warwick
993,Fedor Subbotin
994,–ê–ë–í–ì–î ))
995,–†—É–±–∏–∫ –ö—É–±–∏–∫
996,–ê–ª–µ–∫—Å–µ–π –í–æ–ª–æ–¥–∏–Ω
997,Maria
998,Andrei Strekalov
999,–í—è—á–µ—Å–ª–∞–≤
1000,ttttttechno
1001,üÖøÔ∏èenguinüö¥üèéÔ∏èüé∞üë®‚Äçüíªüî´
1002,Ilya ¬´Il‚Äôich¬ª
1003,–î–º–∏—Ç—Ä–∏–π –õ–∞–ø–∏–Ω
1004,–Ø—Ä–æ—Å–ª–∞–≤–∞ –ì—Ä–∏–Ω–µ–≤–∏—á
1005,Steady K
1006,ilya
1007,–∏—Ö–Ω–∏–π
1008,–í–ª–∞–¥ –®–∏—è–Ω
1009,Conspiracy
1010,–û–ª–∂–∞—Å –†–∞–±–æ—Ç—è–≥–∞
1011,Svetov
1012,–î–∞–Ω–∏–∏–ª –®–∏–ø–∏–ª–æ–≤
1013,–î–∏–Ω–æ–∑–∞–≤—Ä–∏–∫
1014,–°–æ–ø–ª—è
1015,Damian Gruzdev
1016,Rafael Hung
1017,Ilya Dzed
1018,–ì–µ–Ω–Ω–∞–¥–∏–π
1019,vitaliy vitaliy
1020,francesco
1021,–ê–Ω–¥—Ä–µ–π –ò–≤–∞–Ω–æ–≤
1022,Axel Ray
1023,qitql
1024,lucky_sure
1025,Good Mornin
1026,zhenya
1027,ƒ™≈Ç≈Çƒ™≈Ç≈Çƒ™
1028,This Object
1029,–ê–Ω—Ç–æ–Ω –ü–∞—à–∫–æ–≤
1030,„Äé–ºR„Äèüá∫üáø ‚ò™Ô∏è‚ñÑÔ∏ªÃ∑ ‚îª ‚ïê‚îÅ‰∏Ä
1031,Vsevolod
1032,Kirill Sh.
1033,Art√´m
1034,Vlntnmgrv
1035,Alterkovskyü•∏
1036,Gera
1037,Ilya Swaggins
1038,Yuriy Shevchenko
1039,A.
1040,ASURA.KaMi
1041,ÁΩ™„ÅÆÁ•ûË©± ÁßÅ„Å´„Å§„ÅÑ„Å¶„ÅÆÁ•ûË©±
1042,–í–ª–∞–¥–∏–º–∏—Ä –í–∏–Ω–æ–≥—Ä–∞–¥–æ–≤
1043,who‚Äôs l0jy?
1044,typhoon digital
1045,index
1046,–¢–∏–º–æ—Ñ–µ–π
1047,–∫—Ä–∞—Å–æ–≤—Å–∫–∏–π
1048,–°–∞–Ω—è
1049,–ò–≤–∞–Ω –ú–∞–ª—ã—Ö
1050,–ü—Ä–æ$—Ç–æ –ß–µ–ª—ñ–∫ ‚òÆÔ∏è
1051,Artem Shevchuk
1052,Surickatt
1053,Bastardsüíõüíô
1054,–¶–∏—Ç—Ä—É—Åüçä
1055,Tomtos üêê
1056,ÔΩàÔΩîÔΩè ÔΩôÔΩÅ b l y a t Ôºü
1057,k·õôêåï–µ
1058,–†–∂–∞–∫–∞–±–æ—Ç
1059,–ö–∞–ª—Ç–∞–≤—ã–π –û–ª√´–ª
1060,–ò–ª—å—è –õ–µ—Ä–µ–∑
1061,–°–µ–Å–≥–∞
1062,–ê—Ä—Ç–µ–º –°–∞–ø—Å–∞–Ω
1063,–ö–µ–∫—É–ª—å
1064,Alexander Nevskiy
1065,‚Å†‚Å†–í–∏—Ç–∞–ª–∏–π
1066,ìÜå)
1067,–ö–æ–ª–∞–π –§–∞—Ç
1068,Ccamera Man
1069,nikermani ‚úô
1070,–ü–æ–ª–∏–Ω–∞ –ü–∞—Ä—Ö–æ–º–µ–Ω–∫–æ
1071,–õ–µ—à–∞ –õ–µ—Å–Ω–∏–∫
1072,–î–∞–Ω—è –ú–∏–ª–∫—à–µ–π–∫–æ–≤–∏—á
1073,Oleg S.
1074,Duck
1075,Slava
1076,–¢–∞—Ç—å—è–Ω–∞ –ë–∞–∫—É–Ω–∏–Ω–∞ü©µ
1077,Ni ko üëÅ„Ä∞Ô∏èüëÅ lya
1078,SL
1079,·¥ã·¥è…¥Íú±·¥õ·¥Ä…¥·¥õ…™…¥
1080,mark
1081,disgoo
1082,Evgeny Germanov
1083,Lazy Bastard
1084,Stas
1085,neponel
1086,Kovalev
1087,V B
1088,Daniil –ê.
1089,buzzmanchik
1090,–ê–Ω–¥—Ä–µ–π –•–∞–Ω–¥–æ–≥–∏–Ω
1091,Nikolay Zhuykov
1092,Ilya Shepliakov
1093,fut33v
1094,DAN–Ø StrokoV
1095,–í–ª–∞–¥ –ú—É—Ä–∞–≤—å–µ–≤
1096,—Ç–∏–º–æ—Ñ–µ–π –ø–æ–¥–≥–æ—Ä–Ω—ã–π
1097,–®–µ—Ñ –ö–∏—Ñ
1098,–í–ª–∞–¥–∏—Å–ª–∞–≤ –ö.
1099,–õ—ë—à–∞ –ê–∫—É–ª–∏–Ω–∏–Ω
1100,–°–µ—Ä–≥–µ–π –ì–¢160
1101,–ê–ª–µ–∫—Å–∞–Ω–¥—Ä –°–∞–≤–≥–∏—Ä—è
1102,Ghost
1103,- Maggot -
1104,V. AD
1105,C.C.
1106,–ò–≤–∞–Ω –í–∏–∫—É–ª–æ–≤
1107,—Å–∞–Ω—è
1108,Ilya M
1109,Aleksey Semyonov
1110,–¢–æ–ø–æ–ª–∏–Ω—ã–π –ø—É–∫
1111,Kirill Shiryaev
1112,–†–æ–¥–∏–æ–Ω –§–µ–¥–æ—Ä–∏–Ω–∏–Ω
1113,Katya Ushakova
1114,Mitty
1115,–î–º–∏—Ç—Ä–∏–π –ê–Ω–¥—Ä–µ–µ–≤–∏—á
1116,–ê–Ω–∞—Ç–æ–ª–∏–π –õ—É–∫—å—è–Ω–µ—Ü
1117,Wasted
1118,Ann
1119,—è —Ç–æ–∂–µ —è
1120,podznakom
1121,Vadim Orischenko
1122,astafur
1123,Yr jn
1124,–†–æ–º–∞–Ω –ú–ú–ú
1125,ùïäùïíùïû
1126,–°–µ–º–µ–Ω
1127,Andrei Kulishov
1128,–ü–µ—Ç—è
1129,–°–≤—è—Ç
1130,Sss
1131,Blinovsky
1132,Doctor
1133,KazaH
1134,Alex Kolyu4
1135,"28"""
1136,Z–∞–±–∏–≤–Ω–∞—è –ö—Ä–µV–µ—Ç–∫–∞
1137,Barney Stinson
1138,–î–∞–Ω—è üóø
1139,Danila Crazy
1140,Ilia Bak
1141,–¢ima
1142,Matt Gusarov
1143,–î–º–∏—Ç—Ä–∏–π –ü–æ–ª—è–∫–æ–≤
1144,Roman
1145,Big$imon
1146,Mega Pilmen
1147,dude
1148,–í–∞–ª–µ–Ω—Ç–∏–Ω
1149,Ernesto
1150,Dmitry Pankov
1151,–ö–ª–∏–º –°–∞–Ω—ã—á
1152,Zaval
1153,Philipp Kryzhanovskiy
1154,Den
1155,Marat Vercetti
1156,–¥–∞–Ω—è
1157,–ï–≤–≥–µ–Ω–∏–π –õ–µ–≤–∏—Ü–∫–∏–π
1158,–Ø—Ä–æ—Å–ª–∞–≤ (–ì—Ä–∞—á)
1159,Pavel Shiriaev
1160,Danya
1161,–ë–∏–≥ –ë–µ–π–±–∏
1162,–ü–∞–≤–µ–ª
1163,–ï–≤–≥–µ–Ω–∏–π –í–∞–Ω—á—É–≥–æ–≤
1164,–°–µ–º–µ–Ω –ù–æ—Å–æ–≤
1165,Adil
1166,Ella
1167,–§–∞—Ä—Ö–æ–¥–±–µ–∫
1168,3NH4N5
1169,–ê–Ω–¥—Ä—é—à–∞ –ó–¥–µ—Å—å!
1170,proveryaii
1171,Graf Grishnakh
1172,Artem Ali
1173,Emil
1174,Mikhail üõ†
1175,Eric Khakimov üéå
1176,Misha
1177,–ì—Ä–∞—á–µ–≤ –ù–∏–∫–∏—Ç–∞ –ê–Ω–¥—Ä–µ–µ–≤–∏—á
1178,–ï
1179,Ekaterina
1180,–ê–Ω–Ω–∞
1181,Blushed Quokkaü´†
1182,. .
1183,sanic
1184,Rmn Mtts
1185,–ù—ë–Ω—è
1186,bulion
1187,Deel
1188,E.H.U
1189,–í–ª–∞–¥–∏–º–∏—Ä –ë–∏–∑–∏–Ω
1190,–ú—É—á–µ–Ω–∏–∫ —Å –∫–∞—Ç–∞–Ω–æ–π –∏ look–æ–º
1191,Ruslan Bek
1192,kega
1193,–Æ—Ä–∞ –ü–æ–ª–µ–≤–∏–∫
1194,–°–µ—Ä–≥–µ–π
1195,–Æ—Ä–∞ –ì–ª–∞–≤–í—Ä–∞—á ü§ç
1196,‚Äéÿ¥€Åÿ±
1197,–ì—Ä–∏—à–∞
1198,Anton Chepel
1199,Ivan Chibrikov
1200,Chernenko
1201,–ò–≤–∞–Ω
1202,–î–º–∏—Ç—Ä–∏–π –ö–æ–Ω–æ–≤–∞–ª–µ–Ω–∫–æ
1203,–ê–Ω–¥—Ä–µ–π –ö—É–ª—å—á–∏–∫–æ–≤—Å–∫–∏–π
1204,‚õßìÉü‚õß
1205,Supostat
1206,Damir Sharafiev
1207,–ì—Ä–µ–≥–æ—Ä
1208,–ú–∏—à–∞ –ß–µ—á—É–ª–∏–Ω
1209,V–∏ktor
1210,–°—Ç—Ä–∞–Ω–Ω–∏–∫
1211,–ü—Ä–æ—Å—Ç–æ –ß–µ—Ä–Ω—ã–π üá®üá≥
1212,Ass Whistle
1213,–†—É—Å–ª–∞–Ω –•–æ—Ä–æ—à–∫–∏–Ω
1214,–£–º—Ä–±–µ–∫ –ì–∞–∏–ø–æ–≤
1215,:)
1216,z2n
1217,Ivan Govnov
1218,üö≤üíàRasuljon‚úÇÔ∏èüö≤
1219,–ê –ê
1220,ILLINOIS
1221,–ö—Å—é—à–∞ –°–∞–≤—å–µ
1222,–í–µ—Ä—Ö–æ–≤–∏–Ω—Å–∫–∏–π –î–º–∏—Ç—Ä–∏–π –ü–í–î
1223,.
1224,cucumber
1225,–ê–ª–µ–∫—Å–∞–Ω–¥—Ä –í–∏–∫—Ç–æ—Ä–æ–≤–∏—á
1226,"–ê–ª–µ–∫—Å–µ–π ""–¥–∞, —è –≤–∏–¥–µ–ª —Å–∏—Å—å–∫–∏ –≤–∂–∏–≤—É—é"" –ß–∏—Ä—è—Ç—å–µ–≤"
1227,ü´†
1228,Alexander Motoonoff
1229,Horhe SMOCH Servantes
1230,—Å–∏—Å—Ç–µ–º–Ω—ã–µ –∏–∑–º–µ–Ω–µ–Ω–∏—è
1231,Dmitry
1232,Sergei Perov
1233,ÍßÅSHOMAÍßÇ
1234,Andrey Boyarshinov
1235,–ïvgeny Muromtsev
1236,–ú–∞—Å—è
1237,–ê–ª—å—Ñ–∞ –†–æ–º—ç–æ
1238,Lucy
1239,Nikita Poleshchuk
1240,O Nadezhda üíÖüèΩüíñüéÄ
1241,–ê–ª–µ–∫—Å–∞–Ω–¥—Ä –¢—Ä–æ–µ–∫—Ä—ã—Å–æ–≤üêÅüêÄüêÅ
1242,Alex Sky
1243,–ê–ª–∏—Å–∞
1244,–°–µ—Ä–≥—É–Ω—è –°–µ—Ä–≥—É–Ω—è
1245,–°–∞–≤–µ–ª–¥—ã–∫ –ö—É—á–µ—Ä–∏–Ω–æ–≤
1246,‘º’´’∫’°
1247,–ø—Ä–µ–∫–ª–æ–Ω–∏—Å—å –ø–µ—Ä–µ–¥–æ –º–Ω–æ–π!
1248,maxim_tkachenco
1249,Artur Mk
1250,–ê–ª–µ–∫—Å–∞–Ω–¥—Ä –®–∏–∫–∏–Ω
1251,Alexey V
1252,Bo
1253,–Ω–∏–∫–∏—Ç–∞ –º–∞–∫–µ–µ–≤
1254,üçâ üåÖ
1255,Shandor
1256,.why?
1257,–í–ª–∞–¥ Is Love
1258,Well Done
1259,–†–æ–º–∞–Ω –°–∫—Ä—É—Ç
1260,Last Fucker
1261,Dilshod
1262,Yehor Sorochenko
1263,–í–∏–∫—Ç–æ—Ä
1264,Lis
1265,–ú–∏—Ö–∞–∏–ª –ì–∞–¥–æ–º—Å–∫–∏–π –°–∞–Ω–∫—Ç-–ü–µ—Ç–µ—Ä–±—É—Ä–≥
1266,Zloj Blinchik
1267,–°–µ—Ä–≥–µ–π –ó–∞–º—è—Ç–∏–Ω
1268,üå´Ô∏è
1269,FounderQue
1270,–†—ã–±–∏–π –∂–∏—Ä
1271,Maxim
1272,nursoultan
1273,–ú–∏—Ö–∞–∏–ª
1274,–ü–∞–≤–µ–ª –°–∏–±–∏—Ä—ë–≤
1275,—à–∞–Ω—Ç–∏ ‡§∂‡§æ‡§®‡•ç‡§§‡§ø
1276,–í–∏–∫—Ç–æ—Ä –ë–∞—Å–∫–∞–∫–æ–≤
1277,Yaroslav
1278,Pushok
1279,Ivan Zharinov
1280,Kiruha
1281,–í–ª–∞–¥–∏M–∏—Ä
1282,–ï–≥–æ—Ä –ü–æ–ª—è–∫–æ–≤
1283,–ö–æ—Ç–æ–±–µ—Å (–ê–∑–∞–º–∞—Ç)
1284,–û–∫–ª–∞—Ö–æ–º–∞
1285,–Ωello
1286,S√´ma Rosenshtein
1287,Anvar
1288,Evgeny Shcherbakov
1289,313m3n1
1290,cheeeeekmagousheee
1291,semik322
1292,Valentin
1293,–°–∞—à–∞ –°–æ–±–æ–ª–µ–≤
1294,Yapo Lxrd
1295,Vulkan
1296,–°—Ç–∞–Ω–∏—Å–ª–∞–≤ –ú–µ–ª–∏—Ö–æ–≤
1297,L R
1298,Rohan Jensen
1299,Nikita S
1300,Stas Lebedev
1301,–†–æ–º–∞–Ω –î–∞–≤—ã–¥–æ–≤
1302,Danil
1303,Vlad Baloo
1304,–í–ª–∞–¥ –¶–µ–ø–µ—à
1305,Kairat Bexeitov
1306,Koka Boka
1307,Mixer 420
1308,–ì–µ—Ä–∞–ª—å—Ç –í–µ—Å–µ–º–∏—Ä–æ–≤–∏—á
1309,–ö–∏—Ä–∏–ª–æ
1310,Anushavan Markosyan
1311,–ù–∏–∫–∏—Ç–∞ –ú–µ—Ä—Å–µ–¥–µ—Å
1312,Vito
1313,–ê–Ω—Ç–æ–Ω –Æ—Å—É–ø–æ–≤
1314,Lee Fu
1315,üá∞üáµ–Å–ø—É—à—£ –ë–µ–±–µ–∂–∫–æ üá∞üáµ
1316,üè¥‚Äç‚ò†Ô∏è–ò–î–†–ê–ö –ü–û–î–ö–ê–ú–ê–ó–û–íüè¥‚Äç‚ò†Ô∏è
1317,Santa
1318,Igor Morozov
1319,arslon
1320,–ê—Ä—Ç–æ–º
1321,StanislavKyun
1322,Xie Alex
1323,~–ö—Ä–ê–±~
1324,Tyler Durden
1325,–Ω—ñ—è–∫
1326,–ê–Ω–¥—Ä–µ–π –ù–∞–∑–∞—Ä–æ–≤
1327,Vd
1328,–î–∏–º–∞ –î–∏–º–æ–Ω
1329,ali
1330,Artem Green
1331,Jaen
1332,Alexander Morozov
1333,fox –ê—é–±–æ–≤
1334,Nick R. S.
1335,Tony Banelly
1336,–Æ—Ä–∏–π CRAY
1337,–ê—Ä—Ç—ë–º
1338,–≤–µ–ª–æ
1339,Tema Zelen'
1340,Alexander Kostin
1341,üßº‚ÄúBblüê∏ 3HaeTe:‚Äùüî¶ Coü§î6aky Pƒìü´êkc?ü¶¥
1342,Chudesa
1343,–ë–∏—Å–∫–≤–∏—Ç –ö–µ–π–∑–æ
1344,Andrew Bannykh üåë
1345,–§–µ–¥–æ—Ä –°
1346,Ygrek Sigmanov
1347,–ò–≥–æ—Ä—ë–∫ –ö—Ä—É—Ç–æ–π
1348,Zhenya Sorokin
1349,Elena
1350,—é—Ä–∞
1351,unicorn
1352,Mihael
1353,–•–∞—Å–∞–Ω—Ä–∞–π–±–µ–∫–º—É—Ä–∞—Ç–∞–≥–ª—ã–¥–∂–∞–Ω–±–∞–π
1354,Haha Hahov
1355,hardy
1356,–ù–∏–∫–æ–ª–∞–π –ò–ª—å–∏–Ω
1357,Roux Laruev
1358,Alexey
1359,Sergey Ruk
1360,Playboy Movements
1361,–ò–≥–æ—Ä—å –ö–æ–º–∏–Ω
1362,Mass
1363,Julia Kovalchuk
1364,M. Shehuan
1365,–ö–æ–ª—è—Å
1366,dreamcat
1367,TK
1368,–°—Ç–µ—Ñ–∞–Ω –ë–∞—Ç–æ—Ä–∏–π
1369,Denis2507
1370,Vad!m
1371,Toffy
1372,–ª—è–ª—è
1373,–¥–∞–Ω–∏–ª
1374,Elena Kononenko
1375,Danil Komin
1376,–§–∏–ª–∏–ø–ø –ë–æ—è—Ä—Å–∫–∏—Ö
1377,–∫—Ä–∏—Å–∫
1378,‚ö°SVA Victor‚ö°
1379,nikita
1380,Artyom Calibra
1381,eeeremeev
1382,–î–º–∏—Ç—Ä–∏–π –†–µ–Ω–∑—è–∫
1383,–ö–æ–ª—å
1384,Nikolai|Adept
1385,VERSH
1386,Egor Egorov
1387,Max / Film director
1388,andy p√°w≈Çowsky
1389,Machchayazul
1390,Zullkree
1391,Kirill Gulyaevskiy
1392,TohaP
1393,–ê–ª–µ–∫—Å–µ–π –ì—É—Å–µ–π–Ω–æ–≤
1394,–≤–∞–Ω—á—å
1395,–°–µ—Ç–∏ –õ–µ—Å–æ–≤
1396,Tiramisu
1397,Polina Konanykhina
1398,–ê—Ä—Å—£–Ω—Çi–π Yngfloppy
1399,kralin
1400,Vasia Fotografovich
1401,–ö–æ–ª—è
1402,Insane Player
1403,D. K.
1404,Vasilii
1405,–†–æ–º–∞
1406,–î–∞–Ω—è –ö–º–∏—Ç–∏—á
1407,V L
1408,Dmitry Panov
1409,–î—É—à–µ–≤–Ω—ã–π –°–ª–∞–¥–æ–≤–∞—Ä
1410,IG
1411,Ivan Rodionov
1412,Mihail Garmash
1413,CW3velO
1414,Vladimir Tregubov
1415,Vana Tallinn
1416,Rio Vent
1417,Matvey
1418,–ì—É–± –ö–∞–±–æ–±
1419,mag
1420,Ratmir Sher
1421,lhohlandl
1422,–î–µ–Ω–∏—Å –°–µ—Ä–≥–µ–µ–≤–∏—á
1423,–º–º–º–∞–∫—Å–∏–º
1424,–®–≤–µ–¥—Å–∫
1425,–ú–∞–∫—Å–∏–º –ß–µ—Ä—Ç–æ–≤—Å–∫–∏
1426,–°—Ç–∞–Ω–∏—Å–ª–∞–≤ –°—Ç–µ–ø–∞–Ω–æ–≤
1427,—Ä—ã–≥–∞–∏–º
1428,Modeon
1429,Nikita
1430,Nikitiy Kondratyev
1431,City Hero
1432,Sergey Popovskiy
1433,–ö–∏—Ä–∏–ª–ª
1434,–ò–ª—å—è –ê–ª–µ–∫—Å–∞—à–∏–Ω
1435,–°–∏–±–∏—Ä—Å–∫–∏–π
1436,Jeffrey
1437,Gabrial
1438,–ú–∞–π–∫–ª
1439,Di Pride
1440,–•–∞—Ä–º–∞–Ω
1441,ìÄ°ùöÑùöóùöí
1442,Pavel Baranov
1443,–ú–∞–∫—Å–∏–º –†–µ–∑–≤—ã–π
1444,Viktor
1445,–ú–∞–∫—Å–∏–º –ù–∏–∫–æ–Ω–æ—Ä–∫–∏–Ω
1446,Pavlechko Smirchek
1447,–î–∞–Ω–∏–ª–∞ Daddy Dreads
1448,Ëá™ÂàÜ„ÇíÁäØ„Åó„Å¶„Åè„Å†„Åï„ÅÑ
1449,Dante Aidaho
1450,sasha m
1451,ü¶ã
1452,Buddha
1453,Kirill
1454,lavr Vren
1455,Marina
1456,–ú–∏—à–∞–Ω—è
1457,Roman Red
1458,–Ø—Ä—ã–π_–©–µ–≥–ª–∏–∫
1459,Chelnok Boy
1460,üé¥ –ë–£–ë–´–õ–î–ê üé¥
1461,Pucheglazij Krasavec
1462,–∞–Ω–¥—Ä–µ–π –æ—Å—Ç√°–ø–µ–Ω–∫–æ
1463,Gadza
1464,Tazzz Altezza
1465,Alexandr
1466,–î–∞–Ω–∏–∏–ª –ú
1467,—à–∏–ø—É—á–∫–∏–Ω
1468,Chuck
1469,16 /48
1470,Frederic
1471,Andrey –°
1472,Garden State üêó
1473,–ì—Ä–∏–Ω
1474,Niv340
1475,Michael
1476,vladikfuckingsnyder
1477,Evgenii | GMT +8
1478,Inkognito
1479,NIKI≈¶√òS
1480,–î–º–∏—Ç—Ä–∏–π –ß–µ—Ä–Ω—è–≤—Å–∫–∏–π
1481,üåä
1482,–ì—Ä–∏–≥–æ—Ä–∏–π –ö–æ–ª–æ–≤–µ—Ä—Ç–Ω–æ–≤
1483,Time ToEat
1484,Mandem
1485,–ö–≤–∞—Å
1486,Daniel Salinas
1487,Sergei Krasulin
1488,Migun Seriy
1489,rdvch.graphx
1490,–ò–Ω—Å–ø–µ–∫—Ç–æ—Ä –ü—Ç–∏—Ü—ã–Ω
1491,–Ø—Ä–ï–∫ –ó–º—Ä–≤
1492,Mikhail üêª
1493,–ë–∞–Ω–¥–µ—Ä–æ—Å –ü—è—Ç–Ω–∏—á–Ω—ã–π
1494,wild brain
1495,–ê–ª–µ–∫—Å–∞–Ω–¥—Ä –í–æ–ª–∫–æ–≤
1496,üî∞
1497,Rusty Shackleford
1498,Pavlik
1499,–°–µ–º–µ–Ω—Å–∫–∞—è –¢–µ–ª–µ–∂–∫–∞
1500,Larec
1501,Irina Berezina
1502,Aleksandr Kaise
1503,PINEAPPLEKILLER
1504,–ô—Ü—É–∫–µ–Ω
1505,Alexandr Arti
1506,M√ò√ë√ÖRH
1507,Nikolay Mikhaylenko
1508,–î–æ–±—Ä—ã–π
1509,maxim
1510,–ú–∏—Ö–∞–∏–ª –õ—è–ø–∏–Ω
1511,–î–µ–Ω–∏—Å –ö–æ–∫–∞—Ä–µ–≤
1512,–ê–Ω–¥—Ä–µ–π –í–∏–Ω–æ–≥—Ä–∞–¥–æ–≤
1513,Daniyar
1514,Lewis Woodward
1515,–∏–≤–∞–Ω–Ω–∞
1516,Denis Semenov
1517,Michael Pita
1518,Ooo
1519,–°–∞—à–∞
1520,Roma Petrov
1521,WSAA1eksey
1522,Pyae Sone Aung
1523,–î–∏–º–∞—Å–∏–π
1524,‚òª Molotow
1525,Litkore
1526,vlad
1527,–∏–≤–∞–Ω –≥–æ–≤–Ω–æ–≤
1528,üßôüèº‚Äç‚ôÇÔ∏è ‚ö°Ô∏è
1529,Pavel
1530,–í—Å–µ–≤–æ–ª–æ–¥
1531,NIKOLAY
1532,–ò–≤–∞–Ω –ò–≤–∞–Ω
1533,Deswish Hsiwsed
1534,Lada Avaria
1535,–ê–ù–ö–ê –ü–£–õ–ï–ú–ï–¢–ß–ò–¶–ê
1536,–ù–∏–∫–∏—Ç–∞ ìÜå
1537,Blya_dimir
1538,Dima
1539,–ì–µ–æ—Ä–≥–∏–π –ü–æ–±–µ–¥–æ–Ω–æ—Å–µ—Ü –ë–µ—Ä–Ω–∞—É—Ç
1540,–ê–π–¥–∞—Ä –•–∞–º–µ—Ç–æ–≤
1541,–∫–µ—Ä–∏–ª
1542,Sasha Pak
1543,—á–∞–π–ª–¥ –≥–∞—Ä–æ–ª—å–¥
1544,Giovanni
1545,ToRo
1546,–Ø–Ω –ù–∏–∫–æ–ª–∞–µ–≤
1547,@4iter
1548,–ò–º—è
1549,–í–∏—Ç–∞–ª–∏–π
1550,–í–∞–¥–∏–º –°–ü–±
1551,Saracin
1552,Swaga Ride üáØüáµ
1553,Sasha Shostko
1554,Gnar
1555,–î–∞—Ä—å—è lady_amaltey
1556,Abilkhan
1557,‚úΩ‚úê
1558,Neosurfaces
1559,pavel marland
1560,–ü—à–µ–Ω–∏—á–∫–∞
1561,–î–º–∏—Ç—Ä–∏–π –ì–µ–ª–ª–µ—Ä
1562,–û–ª–µ–≥ –î–æ—Ä–æ–Ω–µ–Ω–∫–æ
1563,Valentin P
1564,Denis S.
1565,–î–∞–Ω–∏–∏–ª
1566,Egor Shu
1567,Billy BoBon
1568,Oleg
1569,._.
1570,Salavat
1571,Dedapakipcy ü¶é
1572,Andrei Seryj
1573,–ì—Ä–µ–ª —Ç–µ–±—è
1574,Kingpin
1575,Subway pub.2
1576,–¢–∏–º—É—Ä
1577,ü•∑
1578,–ë–û–ë
1579,Renat Benzhamin
1580,nick
1581,–ñ–µ–∫–∞102
1582,17üëª
1583,Berkhman
1584,–ú–∏—Ö–∞–∏–ª –ú–∏—Ö–∞–π–ª–æ–≤–∏—á
1585,Oscar Raizer
1586,Bogdan McKryzh
1587,–ò–≥–æ—Ä—å –°–µ—Ä–≥–µ–µ–≤–∏—á
1588,Milann
1589,NE_4EJIO8EK oi!
1590,–¢–µ–∫—Å—Ç –≥–æ–ª–æ—Å–æ–≤–æ–≥–æ —Å–æ–æ–±—â–µ–Ω–∏—è:
1591,eto
1592,–Ø –Ω–µ –∑–Ω–∞—é –∫—Ç–æ —è
1593,–î–æ–∫—Ç–æp –ê–π–±–æ–ª–∏—Ç
1594,–ù—É—Ä–∏–∫ –ë
1595,–ì–ª–µ–±
1596,s
1597,–ê–Ω—Ç–æ–Ω –ö–æ—Ä–∞–±–ª–µ–≤
1598,Okto Moro
1599,–ö–∏—Ä–∏–ª–ª –ß–∞–ª—ã—à–µ–≤
1600,–ù–∏–∫–æ–ª–∞–π –ò–≤–∞–Ω–æ–≤
1601,–§–µ–¥–æ—Ä
1602,toyan
1603,Papulya
1604,Chelovek Taina
1605,Name
1606,Alexey.
1607,–ü–µ—Ç—Ä –ú–∞—Ç–∏—Å–æ–Ω
1608,Trofim
1609,–§—ë–¥–æ—Ä
1610,rainingallthetime
1611,–ú–∞–∫–∞—Ä .
1612,cortisol üçÅüçÇ
1613,Sergey Umidovich (–≠—Ç–æ –æ—Ç—á–µ—Å—Ç–≤–æ)
1614,Roman A
1615,üòê
1616,Roberto
1617,–ê–Ω—Ç–æ–Ω
1618,Pavel Ivanov
1619,Toirdzhon Rakhmonov
1620,–î–∏–º–∞ –î–∏–º–∞
1621,Arty
1622,Nikita Kakoyta
1623,Yakov Chaika
1624,–°—Ç–µ–ø–∞
1625,Roman Makarov
1626,–£–ª—å—è–Ω–∞ –ú–∏—Ö–∞–π–ª–æ–≤–∞
1627,–ù–æ–≤–∞—è –∂–∏–∑–Ω—å
1628,–°–ª–∞–≤–∞
1629,mshplsk
1630,–í–ª–∞–¥–∏–º–∏—Ä –î–∞–Ω–∏–ª–µ–Ω–∫–æ
1631,–ê—Ä—Ç–µ–º –ö–∞—à—Ç–∞–Ω–æ–≤
1632,Sasha Crespo
1633,Alexandr Sergeevih
1634,@aleksmat
1635,–≥–æ—Ä—å–∫–∞—è —Å—Ç–æ—Ä–æ–Ω–∞ —Å–∏–ª—ã
1636,Rty
1637,–í–ª–∞–¥–∏–º–∏—Ä –ö–æ—Å—Ç—ã–ª–µ–≤
1638,Cockney Reds
1639,Alexandrina
1640,audre üòÆ‚Äçüí®
1641,Daniil Shchepkin
1642,·ö£·öπ·õ†·õã
1643,Mim1k (–ò–ª—å—è –•—Ä–∏—Å—Ç–æ—Ñ–æ—Ä–æ–≤)
1644,–ò–≤–∞–Ω –ú–∏—Ç—è–∫–∏–Ω
1645,Spupok
1646,Georgsling
1647,Ksenia Muf
1648,Stanislav Kotov
1649,Oleg Kan
1650,—Å–º–∞–∫–æ–≤–∏—á
1651,Gregory
1652,A
1653,·õè–ì—É—Å—Ç–∞—Ñ·õè
1654,Arseny Solovyev
1655,f1owely
1656,Grechxn
1657,Dubrovskiy
1658,–ê—Ä—Ç—ë–º –ö—Ä–µ–ø–æ—Å—Ç–Ω–æ–≤
1659,Galushka
1660,Victor
1661,Blashyrkh
1662,–î–∞–Ω–∏–ª –ì–ª–∞–≤–∞—Ç—Å–∫–∏—Ö
1663,–†–æ–º–∞–Ω
1664,magomed mashadow
1665,Sergey Lebedev
1666,Konstantin Kachanov
1667,MinD
1668,wuschyun
1669,Gleb V
1670,mikayaka
1671,–ì–æ—à–∞–∞–Ω
1672,17+
1673,–û–ª–µ–≥
1674,Ilya P.
1675,Ingvar Vas
1676,–ê–Ω—Ç–æ–Ω –ê–Ω–∏—Å–∫–æ–≤–∏—á
1677,remorseeeeeeeüåå
1678,–î–º–∏—Ç—Ä–∏–π –Æ.
1679,Gleb_kladko Relaets
1680,Yaga 666
1681,MoulinRuzh
1682,–°—Ç–∞—Å
1683,SinSai
1684,–ö–æ–ª–µ–Ω–≤–∞–ªüëΩ (–®—É—Ä–∏–∫)
1685,–Æ—Ä–∏–π
1686,Denis
1687,–ò–ª—å—è
1688,Daniil
1689,Artem Artem
1690,JERK
1691,–ö–æ—Ç–æ–º—É–∂–∏–∫
1692,Arikota
1693,M“â·•ÖÍ™úrÃækÕén‚É†·•¥FF
1694,–ê–ª–µ–∫—Å–∞–Ω–¥—Ä–∞ –ß–µ—Ä–Ω–∏–∫
1695,–ñ–∏–≥–∞–Ω–æ–≤ –ò–≤–∞–Ω za_ZHIGA_lka
1696,craftdem craftdem
1697,–†–æ–º–∞ –ú–µ—Ñ—ë–¥
1698,Sa Sha
1699,üçÄ
1700,devserj
1701,Milanaüå∏
1702,LFG_volodya
1703,–ê—Ä—Å–µ–Ω–∏–π
1704,G
1705,Morkt
1706,·Ö† ·Ö†
1707,Ter
1708,–í—è—á–µ—Å–ª–∞–≤ –ú
1709,Chugunych üó£
1710,–ê–Ω–¥—Ä–µ–π
1711,Anastasiya Lvova
1712,ritterssports
1713,syrokvasik
1714,–ï–≥–æ—Ä –í–∏–Ω–æ–≥—Ä–∞–¥–æ–≤
1715,TakNeNada
1716,Jj
1717,Poll Rampage
1718,–õ—ë–Ω—è –î–æ–º–∞–Ω—Å–∫–∏–π
1719,Daisan
1720,Weltaur
1721,–ø—Ä–æ—Å—Ç–æ —Ç–∞–∫
1722,Zigman
1723,Winter Warg
1724,masterblaster
1725,Valar Morghulis
1726,–î–º–∏—Ç—Ä–∏–π –õ–∏–ø–ª–∞–≤–∫–∞
1727,–°–ª–æ–≤—ç–π–Ω
1728,Sasha B.
1729,–ï–≤–≥–µ–Ω–∏–π –ö–∞–ª–∞—à–Ω–∏–∫–æ–≤
1730,Aleksei
1731,Andrey
1732,idea 9
1733,BendeR
1734,Max
1735,Nick Johnson
